,id,country,month,education,event,health,population,quality_of_life,human_development_index,quality_of_life_index
0,1,1,1,17,,1,1,1,0.788,
1,2,1,2,17,,1,1,1,0.788,
2,3,1,3,17,,1,1,1,0.788,
3,4,1,4,17,,1,1,1,0.788,
4,5,1,5,17,,1,1,1,0.788,
5,6,1,6,17,,1,1,1,0.788,
6,7,1,7,17,,1,1,1,0.788,
7,8,1,8,17,,1,1,1,0.788,
8,9,1,9,17,,1,1,1,0.788,
9,10,1,10,17,,1,1,1,0.788,
10,11,1,11,17,,1,1,1,0.788,
11,12,1,12,17,,1,1,1,0.788,
12,13,2,13,18,,2,2,2,0.812,
13,14,2,14,18,,2,2,2,0.812,
14,15,2,15,18,,2,2,2,0.812,
15,16,2,16,18,,2,2,2,0.812,
16,17,2,17,18,,2,2,2,0.812,
17,18,2,18,18,,2,2,2,0.812,
18,19,2,19,18,,2,2,2,0.812,
19,20,2,20,18,,2,2,2,0.812,
20,21,2,21,18,,2,2,2,0.812,
21,22,2,22,18,,2,2,2,0.812,
22,23,2,23,18,,2,2,2,0.812,
23,24,2,24,18,,2,2,2,0.812,
24,25,3,25,19,1,3,3,3,0.817,
25,26,3,26,19,1,3,3,3,0.817,
26,27,3,27,19,1,3,3,3,0.817,
27,28,3,28,19,1,3,3,3,0.817,
28,29,3,29,19,1,3,3,3,0.817,
29,30,3,30,19,1,3,3,3,0.817,
30,31,3,31,19,1,3,3,3,0.817,
31,32,3,32,19,1,3,3,3,0.817,
32,33,3,33,19,1,3,3,3,0.817,
33,34,3,34,19,1,3,3,3,0.817,
34,35,3,35,19,1,3,3,3,0.817,
35,36,3,36,19,1,3,3,3,0.817,
36,37,4,37,20,,4,4,4,0.821,
37,38,4,38,20,,4,4,4,0.821,
38,39,4,39,20,,4,4,4,0.821,
39,40,4,40,20,,4,4,4,0.821,
40,41,4,41,20,,4,4,4,0.821,
41,42,4,42,20,,4,4,4,0.821,
42,43,4,43,20,,4,4,4,0.821,
43,44,4,44,20,,4,4,4,0.821,
44,45,4,45,20,,4,4,4,0.821,
45,46,4,46,20,,4,4,4,0.821,
46,47,4,47,20,,4,4,4,0.821,
47,48,4,48,20,,4,4,4,0.821,
48,49,5,49,21,,5,5,5,0.821,
49,50,5,50,21,,5,5,5,0.821,
50,51,5,51,21,,5,5,5,0.821,
51,52,5,52,21,,5,5,5,0.821,
52,53,5,53,21,,5,5,5,0.821,
53,54,5,54,21,,5,5,5,0.821,
54,55,5,55,21,,5,5,5,0.821,
55,56,5,56,21,,5,5,5,0.821,
56,57,5,57,21,,5,5,5,0.821,
57,58,5,58,21,,5,5,5,0.821,
58,59,5,59,21,,5,5,5,0.821,
59,60,5,60,21,,5,5,5,0.821,
60,61,6,61,22,9,6,6,6,0.829,
61,62,6,62,22,9,6,6,6,0.829,
62,63,6,63,22,9,6,6,6,0.829,
63,64,6,64,22,9,6,6,6,0.829,
64,65,6,65,22,9,6,6,6,0.829,
65,66,6,66,22,9,6,6,6,0.829,
66,67,6,67,22,9,6,6,6,0.829,
67,68,6,68,22,9,6,6,6,0.829,
68,69,6,69,22,9,6,6,6,0.829,
69,70,6,70,22,9,6,6,6,0.829,
70,71,6,71,22,9,6,6,6,0.829,
71,72,6,72,22,9,6,6,6,0.829,
72,73,7,73,23,4,7,7,7,0.835,
73,74,7,74,23,4,7,7,7,0.835,
74,75,7,75,23,4,7,7,7,0.835,
75,76,7,76,23,4,7,7,7,0.835,
76,77,7,77,23,4,7,7,7,0.835,
77,78,7,78,23,4,7,7,7,0.835,
78,79,7,79,23,4,7,7,7,0.835,
79,80,7,80,23,4,7,7,7,0.835,
80,81,7,81,23,4,7,7,7,0.835,
81,82,7,82,23,4,7,7,7,0.835,
82,83,7,83,23,4,7,7,7,0.835,
83,84,7,84,23,4,7,7,7,0.835,
84,85,8,85,24,,8,8,8,0.836,32.58
85,86,8,86,24,,8,8,8,0.836,32.58
86,87,8,87,24,,8,8,8,0.836,32.58
87,88,8,88,24,,8,8,8,0.836,32.58
88,89,8,89,24,,8,8,8,0.836,32.58
89,90,8,90,24,,8,8,8,0.836,32.58
90,91,8,91,24,,8,8,8,0.836,32.58
91,92,8,92,24,,8,8,8,0.836,32.58
92,93,8,93,24,,8,8,8,0.836,32.58
93,94,8,94,24,,8,8,8,0.836,32.58
94,95,8,95,24,,8,8,8,0.836,32.58
95,96,8,96,24,,8,8,8,0.836,32.58
96,97,9,97,25,2,9,9,9,0.84,72.53
97,98,9,98,25,2,9,9,9,0.84,72.53
98,99,9,99,25,2,9,9,9,0.84,72.53
99,100,9,100,25,2,9,9,9,0.84,72.53
100,101,9,101,25,2,9,9,9,0.84,72.53
101,102,9,102,25,2,9,9,9,0.84,72.53
102,103,9,103,25,2,9,9,9,0.84,72.53
103,104,9,104,25,2,9,9,9,0.84,72.53
104,105,9,105,25,2,9,9,9,0.84,72.53
105,106,9,106,25,2,9,9,9,0.84,72.53
106,107,9,107,25,2,9,9,9,0.84,72.53
107,108,9,108,25,2,9,9,9,0.84,72.53
108,109,10,109,26,,10,10,10,0.839,81.12
109,110,10,110,26,,10,10,10,0.839,81.12
110,111,10,111,26,,10,10,10,0.839,81.12
111,112,10,112,26,,10,10,10,0.839,81.12
112,113,10,113,26,,10,10,10,0.839,81.12
113,114,10,114,26,,10,10,10,0.839,81.12
114,115,10,115,26,,10,10,10,0.839,81.12
115,116,10,116,26,,10,10,10,0.839,81.12
116,117,10,117,26,,10,10,10,0.839,81.12
117,118,10,118,26,,10,10,10,0.839,81.12
118,119,10,119,26,,10,10,10,0.839,81.12
119,120,10,120,26,,10,10,10,0.839,81.12
120,121,11,121,27,3,,11,11,0.843,77.01
121,122,11,122,27,3,,11,11,0.843,77.01
122,123,11,123,27,3,,11,11,0.843,77.01
123,124,11,124,27,3,,11,11,0.843,77.01
124,125,11,125,27,3,,11,11,0.843,77.01
125,126,11,126,27,3,,11,11,0.843,77.01
126,127,11,127,27,3,,11,11,0.843,77.01
127,128,11,128,27,3,,11,11,0.843,77.01
128,129,11,129,27,3,,11,11,0.843,77.01
129,130,11,130,27,3,,11,11,0.843,77.01
130,131,11,131,27,3,,11,11,0.843,77.01
131,132,11,132,27,3,,11,11,0.843,77.01
132,133,12,133,28,,,12,12,0.842,138.48
133,134,12,134,28,,,12,12,0.842,138.48
134,135,12,135,28,,,12,12,0.842,138.48
135,136,12,136,28,,,12,12,0.842,138.48
136,137,12,137,28,,,12,12,0.842,138.48
137,138,12,138,28,,,12,12,0.842,138.48
138,139,12,139,28,,,12,12,0.842,138.48
139,140,12,140,28,,,12,12,0.842,138.48
140,141,12,141,28,,,12,12,0.842,138.48
141,142,12,142,28,,,12,12,0.842,138.48
142,143,12,143,28,,,12,12,0.842,138.48
143,144,12,144,28,,,12,12,0.842,138.48
144,145,13,145,29,,,13,13,0.843,139.59
145,146,13,146,29,,,13,13,0.843,139.59
146,147,13,147,29,,,13,13,0.843,139.59
147,148,13,148,29,,,13,13,0.843,139.59
148,149,13,149,29,,,13,13,0.843,139.59
149,150,13,150,29,,,13,13,0.843,139.59
150,151,13,151,29,,,13,13,0.843,139.59
151,152,13,152,29,,,13,13,0.843,139.59
152,153,13,153,29,,,13,13,0.843,139.59
153,154,13,154,29,,,13,13,0.843,139.59
154,155,13,155,29,,,13,13,0.843,139.59
155,156,13,156,29,,,13,13,0.843,139.59
156,157,14,157,30,10,,14,14,0.845,131.85
157,158,14,158,30,10,,14,14,0.845,131.85
158,159,14,159,30,10,,14,14,0.845,131.85
159,160,14,160,30,10,,14,14,0.845,131.85
160,161,14,161,30,10,,14,14,0.845,131.85
161,162,14,162,30,10,,14,14,0.845,131.85
162,163,14,163,30,10,,14,14,0.845,131.85
163,164,14,164,30,10,,14,14,0.845,131.85
164,165,14,165,30,10,,14,14,0.845,131.85
165,166,14,166,30,10,,14,14,0.845,131.85
166,167,14,167,30,10,,14,14,0.845,131.85
167,168,14,168,30,10,,14,14,0.845,131.85
168,169,15,169,31,,,,15,0.845,122.49
169,170,15,170,31,,,,15,0.845,122.49
170,171,15,171,31,,,,15,0.845,122.49
171,172,15,172,31,,,,15,0.845,122.49
172,173,15,173,31,,,,15,0.845,122.49
173,174,15,174,31,,,,15,0.845,122.49
174,175,15,175,31,,,,15,0.845,122.49
175,176,15,176,31,,,,15,0.845,122.49
176,177,15,177,31,,,,15,0.845,122.49
177,178,15,178,31,,,,15,0.845,122.49
178,179,15,179,31,,,,15,0.845,122.49
179,180,15,180,31,,,,15,0.845,122.49
180,181,16,181,32,5,,,16,0.845,115.31
181,182,16,182,32,5,,,16,0.845,115.31
182,183,16,183,32,5,,,16,0.845,115.31
183,184,16,184,32,5,,,16,0.845,115.31
184,185,16,185,32,5,,,16,0.845,115.31
185,186,16,186,32,5,,,16,0.845,115.31
186,187,16,187,32,5,,,16,0.845,115.31
187,188,16,188,32,5,,,16,0.845,115.31
188,189,16,189,32,5,,,16,0.845,115.31
189,190,16,190,32,5,,,16,0.845,115.31
190,191,16,191,32,5,,,16,0.845,115.31
191,192,16,192,32,5,,,16,0.845,115.31
192,193,17,1,1,,11,15,17,0.894,
193,194,17,2,1,,11,15,17,0.894,
194,195,17,3,1,,11,15,17,0.894,
195,196,17,4,1,,11,15,17,0.894,
196,197,17,5,1,,11,15,17,0.894,
197,198,17,6,1,,11,15,17,0.894,
198,199,17,7,1,,11,15,17,0.894,
199,200,17,8,1,,11,15,17,0.894,
200,201,17,9,1,,11,15,17,0.894,
201,202,17,10,1,,11,15,17,0.894,
202,203,17,11,1,,11,15,17,0.894,
203,204,17,12,1,,11,15,17,0.894,
204,205,18,13,2,12,12,16,18,0.898,
205,206,18,14,2,12,12,16,18,0.898,
206,207,18,15,2,12,12,16,18,0.898,
207,208,18,16,2,12,12,16,18,0.898,
208,209,18,17,2,12,12,16,18,0.898,
209,210,18,18,2,12,12,16,18,0.898,
210,211,18,19,2,12,12,16,18,0.898,
211,212,18,20,2,12,12,16,18,0.898,
212,213,18,21,2,12,12,16,18,0.898,
213,214,18,22,2,12,12,16,18,0.898,
214,215,18,23,2,12,12,16,18,0.898,
215,216,18,24,2,12,12,16,18,0.898,
216,217,19,25,3,,13,17,19,0.896,
217,218,19,26,3,,13,17,19,0.896,
218,219,19,27,3,,13,17,19,0.896,
219,220,19,28,3,,13,17,19,0.896,
220,221,19,29,3,,13,17,19,0.896,
221,222,19,30,3,,13,17,19,0.896,
222,223,19,31,3,,13,17,19,0.896,
223,224,19,32,3,,13,17,19,0.896,
224,225,19,33,3,,13,17,19,0.896,
225,226,19,34,3,,13,17,19,0.896,
226,227,19,35,3,,13,17,19,0.896,
227,228,19,36,3,,13,17,19,0.896,
228,229,20,37,4,,14,18,20,0.898,
229,230,20,38,4,,14,18,20,0.898,
230,231,20,39,4,,14,18,20,0.898,
231,232,20,40,4,,14,18,20,0.898,
232,233,20,41,4,,14,18,20,0.898,
233,234,20,42,4,,14,18,20,0.898,
234,235,20,43,4,,14,18,20,0.898,
235,236,20,44,4,,14,18,20,0.898,
236,237,20,45,4,,14,18,20,0.898,
237,238,20,46,4,,14,18,20,0.898,
238,239,20,47,4,,14,18,20,0.898,
239,240,20,48,4,,14,18,20,0.898,
240,241,21,49,5,,15,19,21,0.898,
241,242,21,50,5,,15,19,21,0.898,
242,243,21,51,5,,15,19,21,0.898,
243,244,21,52,5,,15,19,21,0.898,
244,245,21,53,5,,15,19,21,0.898,
245,246,21,54,5,,15,19,21,0.898,
246,247,21,55,5,,15,19,21,0.898,
247,248,21,56,5,,15,19,21,0.898,
248,249,21,57,5,,15,19,21,0.898,
249,250,21,58,5,,15,19,21,0.898,
250,251,21,59,5,,15,19,21,0.898,
251,252,21,60,5,,15,19,21,0.898,
252,253,22,61,6,,16,20,22,0.901,
253,254,22,62,6,,16,20,22,0.901,
254,255,22,63,6,,16,20,22,0.901,
255,256,22,64,6,,16,20,22,0.901,
256,257,22,65,6,,16,20,22,0.901,
257,258,22,66,6,,16,20,22,0.901,
258,259,22,67,6,,16,20,22,0.901,
259,260,22,68,6,,16,20,22,0.901,
260,261,22,69,6,,16,20,22,0.901,
261,262,22,70,6,,16,20,22,0.901,
262,263,22,71,6,,16,20,22,0.901,
263,264,22,72,6,,16,20,22,0.901,
264,265,23,73,7,11,17,21,23,0.903,
265,266,23,74,7,11,17,21,23,0.903,
266,267,23,75,7,11,17,21,23,0.903,
267,268,23,76,7,11,17,21,23,0.903,
268,269,23,77,7,11,17,21,23,0.903,
269,270,23,78,7,11,17,21,23,0.903,
270,271,23,79,7,11,17,21,23,0.903,
271,272,23,80,7,11,17,21,23,0.903,
272,273,23,81,7,11,17,21,23,0.903,
273,274,23,82,7,11,17,21,23,0.903,
274,275,23,83,7,11,17,21,23,0.903,
275,276,23,84,7,11,17,21,23,0.903,
276,277,24,85,8,,18,22,24,0.906,164.99
277,278,24,86,8,,18,22,24,0.906,164.99
278,279,24,87,8,,18,22,24,0.906,164.99
279,280,24,88,8,,18,22,24,0.906,164.99
280,281,24,89,8,,18,22,24,0.906,164.99
281,282,24,90,8,,18,22,24,0.906,164.99
282,283,24,91,8,,18,22,24,0.906,164.99
283,284,24,92,8,,18,22,24,0.906,164.99
284,285,24,93,8,,18,22,24,0.906,164.99
285,286,24,94,8,,18,22,24,0.906,164.99
286,287,24,95,8,,18,22,24,0.906,164.99
287,288,24,96,8,,18,22,24,0.906,164.99
288,289,25,97,9,,19,23,25,0.913,186.03
289,290,25,98,9,,19,23,25,0.913,186.03
290,291,25,99,9,,19,23,25,0.913,186.03
291,292,25,100,9,,19,23,25,0.913,186.03
292,293,25,101,9,,19,23,25,0.913,186.03
293,294,25,102,9,,19,23,25,0.913,186.03
294,295,25,103,9,,19,23,25,0.913,186.03
295,296,25,104,9,,19,23,25,0.913,186.03
296,297,25,105,9,,19,23,25,0.913,186.03
297,298,25,106,9,,19,23,25,0.913,186.03
298,299,25,107,9,,19,23,25,0.913,186.03
299,300,25,108,9,,19,23,25,0.913,186.03
300,301,26,109,10,,20,24,26,0.918,178.29
301,302,26,110,10,,20,24,26,0.918,178.29
302,303,26,111,10,,20,24,26,0.918,178.29
303,304,26,112,10,,20,24,26,0.918,178.29
304,305,26,113,10,,20,24,26,0.918,178.29
305,306,26,114,10,,20,24,26,0.918,178.29
306,307,26,115,10,,20,24,26,0.918,178.29
307,308,26,116,10,,20,24,26,0.918,178.29
308,309,26,117,10,,20,24,26,0.918,178.29
309,310,26,118,10,,20,24,26,0.918,178.29
310,311,26,119,10,,20,24,26,0.918,178.29
311,312,26,120,10,,20,24,26,0.918,178.29
312,313,27,121,11,,,25,27,0.921,177.63
313,314,27,122,11,,,25,27,0.921,177.63
314,315,27,123,11,,,25,27,0.921,177.63
315,316,27,124,11,,,25,27,0.921,177.63
316,317,27,125,11,,,25,27,0.921,177.63
317,318,27,126,11,,,25,27,0.921,177.63
318,319,27,127,11,,,25,27,0.921,177.63
319,320,27,128,11,,,25,27,0.921,177.63
320,321,27,129,11,,,25,27,0.921,177.63
321,322,27,130,11,,,25,27,0.921,177.63
322,323,27,131,11,,,25,27,0.921,177.63
323,324,27,132,11,,,25,27,0.921,177.63
324,325,28,133,12,,,26,28,0.923,177.23
325,326,28,134,12,,,26,28,0.923,177.23
326,327,28,135,12,,,26,28,0.923,177.23
327,328,28,136,12,,,26,28,0.923,177.23
328,329,28,137,12,,,26,28,0.923,177.23
329,330,28,138,12,,,26,28,0.923,177.23
330,331,28,139,12,,,26,28,0.923,177.23
331,332,28,140,12,,,26,28,0.923,177.23
332,333,28,141,12,,,26,28,0.923,177.23
333,334,28,142,12,,,26,28,0.923,177.23
334,335,28,143,12,,,26,28,0.923,177.23
335,336,28,144,12,,,26,28,0.923,177.23
336,337,29,145,13,17,,27,29,0.926,167.18
337,338,29,146,13,17,,27,29,0.926,167.18
338,339,29,147,13,17,,27,29,0.926,167.18
339,340,29,148,13,17,,27,29,0.926,167.18
340,341,29,149,13,17,,27,29,0.926,167.18
341,342,29,150,13,17,,27,29,0.926,167.18
342,343,29,151,13,17,,27,29,0.926,167.18
343,344,29,152,13,17,,27,29,0.926,167.18
344,345,29,153,13,17,,27,29,0.926,167.18
345,346,29,154,13,17,,27,29,0.926,167.18
346,347,29,155,13,17,,27,29,0.926,167.18
347,348,29,156,13,17,,27,29,0.926,167.18
348,349,30,157,14,15,,28,30,0.928,173.9
349,350,30,158,14,15,,28,30,0.928,173.9
350,351,30,159,14,15,,28,30,0.928,173.9
351,352,30,160,14,15,,28,30,0.928,173.9
352,353,30,161,14,15,,28,30,0.928,173.9
353,354,30,162,14,15,,28,30,0.928,173.9
354,355,30,163,14,15,,28,30,0.928,173.9
355,356,30,164,14,15,,28,30,0.928,173.9
356,357,30,165,14,15,,28,30,0.928,173.9
357,358,30,166,14,15,,28,30,0.928,173.9
358,359,30,167,14,15,,28,30,0.928,173.9
359,360,30,168,14,15,,28,30,0.928,173.9
360,361,31,169,15,14,,,31,0.929,170.32
361,362,31,170,15,14,,,31,0.929,170.32
362,363,31,171,15,14,,,31,0.929,170.32
363,364,31,172,15,14,,,31,0.929,170.32
364,365,31,173,15,14,,,31,0.929,170.32
365,366,31,174,15,14,,,31,0.929,170.32
366,367,31,175,15,14,,,31,0.929,170.32
367,368,31,176,15,14,,,31,0.929,170.32
368,369,31,177,15,14,,,31,0.929,170.32
369,370,31,178,15,14,,,31,0.929,170.32
370,371,31,179,15,14,,,31,0.929,170.32
371,372,31,180,15,14,,,31,0.929,170.32
372,373,32,181,16,13,,,32,0.929,163.47
373,374,32,182,16,13,,,32,0.929,163.47
374,375,32,183,16,13,,,32,0.929,163.47
375,376,32,184,16,13,,,32,0.929,163.47
376,377,32,185,16,13,,,32,0.929,163.47
377,378,32,186,16,13,,,32,0.929,163.47
378,379,32,187,16,13,,,32,0.929,163.47
379,380,32,188,16,13,,,32,0.929,163.47
380,381,32,189,16,13,,,32,0.929,163.47
381,382,32,190,16,13,,,32,0.929,163.47
382,383,32,191,16,13,,,32,0.929,163.47
383,384,32,192,16,13,,,32,0.929,163.47
384,385,33,1,33,21,81,29,129,0.9,
385,386,33,2,33,21,81,29,129,0.9,
386,387,33,3,33,21,81,29,129,0.9,
387,388,33,4,33,21,81,29,129,0.9,
388,389,33,5,33,21,81,29,129,0.9,
389,390,33,6,33,21,81,29,129,0.9,
390,391,33,7,33,21,81,29,129,0.9,
391,392,33,8,33,21,81,29,129,0.9,
392,393,33,9,33,21,81,29,129,0.9,
393,394,33,10,33,21,81,29,129,0.9,
394,395,33,11,33,21,81,29,129,0.9,
395,396,33,12,33,21,81,29,129,0.9,
396,397,34,13,34,,82,30,130,0.903,
397,398,34,14,34,,82,30,130,0.903,
398,399,34,15,34,,82,30,130,0.903,
399,400,34,16,34,,82,30,130,0.903,
400,401,34,17,34,,82,30,130,0.903,
401,402,34,18,34,,82,30,130,0.903,
402,403,34,19,34,,82,30,130,0.903,
403,404,34,20,34,,82,30,130,0.903,
404,405,34,21,34,,82,30,130,0.903,
405,406,34,22,34,,82,30,130,0.903,
406,407,34,23,34,,82,30,130,0.903,
407,408,34,24,34,,82,30,130,0.903,
408,409,35,25,35,27,83,31,131,0.906,
409,410,35,26,35,27,83,31,131,0.906,
410,411,35,27,35,27,83,31,131,0.906,
411,412,35,28,35,27,83,31,131,0.906,
412,413,35,29,35,27,83,31,131,0.906,
413,414,35,30,35,27,83,31,131,0.906,
414,415,35,31,35,27,83,31,131,0.906,
415,416,35,32,35,27,83,31,131,0.906,
416,417,35,33,35,27,83,31,131,0.906,
417,418,35,34,35,27,83,31,131,0.906,
418,419,35,35,35,27,83,31,131,0.906,
419,420,35,36,35,27,83,31,131,0.906,
420,421,36,37,36,,84,32,132,0.911,
421,422,36,38,36,,84,32,132,0.911,
422,423,36,39,36,,84,32,132,0.911,
423,424,36,40,36,,84,32,132,0.911,
424,425,36,41,36,,84,32,132,0.911,
425,426,36,42,36,,84,32,132,0.911,
426,427,36,43,36,,84,32,132,0.911,
427,428,36,44,36,,84,32,132,0.911,
428,429,36,45,36,,84,32,132,0.911,
429,430,36,46,36,,84,32,132,0.911,
430,431,36,47,36,,84,32,132,0.911,
431,432,36,48,36,,84,32,132,0.911,
432,433,37,49,37,30,85,33,133,0.912,
433,434,37,50,37,30,85,33,133,0.912,
434,435,37,51,37,30,85,33,133,0.912,
435,436,37,52,37,30,85,33,133,0.912,
436,437,37,53,37,30,85,33,133,0.912,
437,438,37,54,37,30,85,33,133,0.912,
438,439,37,55,37,30,85,33,133,0.912,
439,440,37,56,37,30,85,33,133,0.912,
440,441,37,57,37,30,85,33,133,0.912,
441,442,37,58,37,30,85,33,133,0.912,
442,443,37,59,37,30,85,33,133,0.912,
443,444,37,60,37,30,85,33,133,0.912,
444,445,38,61,38,26,86,34,134,0.916,
445,446,38,62,38,26,86,34,134,0.916,
446,447,38,63,38,26,86,34,134,0.916,
447,448,38,64,38,26,86,34,134,0.916,
448,449,38,65,38,26,86,34,134,0.916,
449,450,38,66,38,26,86,34,134,0.916,
450,451,38,67,38,26,86,34,134,0.916,
451,452,38,68,38,26,86,34,134,0.916,
452,453,38,69,38,26,86,34,134,0.916,
453,454,38,70,38,26,86,34,134,0.916,
454,455,38,71,38,26,86,34,134,0.916,
455,456,38,72,38,26,86,34,134,0.916,
456,457,39,73,39,,87,35,135,0.919,
457,458,39,74,39,,87,35,135,0.919,
458,459,39,75,39,,87,35,135,0.919,
459,460,39,76,39,,87,35,135,0.919,
460,461,39,77,39,,87,35,135,0.919,
461,462,39,78,39,,87,35,135,0.919,
462,463,39,79,39,,87,35,135,0.919,
463,464,39,80,39,,87,35,135,0.919,
464,465,39,81,39,,87,35,135,0.919,
465,466,39,82,39,,87,35,135,0.919,
466,467,39,83,39,,87,35,135,0.919,
467,468,39,84,39,,87,35,135,0.919,
468,469,40,85,40,22,88,36,136,0.92,140.62
469,470,40,86,40,22,88,36,136,0.92,140.62
470,471,40,87,40,22,88,36,136,0.92,140.62
471,472,40,88,40,22,88,36,136,0.92,140.62
472,473,40,89,40,22,88,36,136,0.92,140.62
473,474,40,90,40,22,88,36,136,0.92,140.62
474,475,40,91,40,22,88,36,136,0.92,140.62
475,476,40,92,40,22,88,36,136,0.92,140.62
476,477,40,93,40,22,88,36,136,0.92,140.62
477,478,40,94,40,22,88,36,136,0.92,140.62
478,479,40,95,40,22,88,36,136,0.92,140.62
479,480,40,96,40,22,88,36,136,0.92,140.62
480,481,41,97,41,,89,37,137,0.918,199.56
481,482,41,98,41,,89,37,137,0.918,199.56
482,483,41,99,41,,89,37,137,0.918,199.56
483,484,41,100,41,,89,37,137,0.918,199.56
484,485,41,101,41,,89,37,137,0.918,199.56
485,486,41,102,41,,89,37,137,0.918,199.56
486,487,41,103,41,,89,37,137,0.918,199.56
487,488,41,104,41,,89,37,137,0.918,199.56
488,489,41,105,41,,89,37,137,0.918,199.56
489,490,41,106,41,,89,37,137,0.918,199.56
490,491,41,107,41,,89,37,137,0.918,199.56
491,492,41,108,41,,89,37,137,0.918,199.56
492,493,42,109,42,,90,38,138,0.92,195.55
493,494,42,110,42,,90,38,138,0.92,195.55
494,495,42,111,42,,90,38,138,0.92,195.55
495,496,42,112,42,,90,38,138,0.92,195.55
496,497,42,113,42,,90,38,138,0.92,195.55
497,498,42,114,42,,90,38,138,0.92,195.55
498,499,42,115,42,,90,38,138,0.92,195.55
499,500,42,116,42,,90,38,138,0.92,195.55
500,501,42,117,42,,90,38,138,0.92,195.55
501,502,42,118,42,,90,38,138,0.92,195.55
502,503,42,119,42,,90,38,138,0.92,195.55
503,504,42,120,42,,90,38,138,0.92,195.55
504,505,43,121,43,29,,39,139,0.921,192.49
505,506,43,122,43,29,,39,139,0.921,192.49
506,507,43,123,43,29,,39,139,0.921,192.49
507,508,43,124,43,29,,39,139,0.921,192.49
508,509,43,125,43,29,,39,139,0.921,192.49
509,510,43,126,43,29,,39,139,0.921,192.49
510,511,43,127,43,29,,39,139,0.921,192.49
511,512,43,128,43,29,,39,139,0.921,192.49
512,513,43,129,43,29,,39,139,0.921,192.49
513,514,43,130,43,29,,39,139,0.921,192.49
514,515,43,131,43,29,,39,139,0.921,192.49
515,516,43,132,43,29,,39,139,0.921,192.49
516,517,44,133,44,,,40,140,0.922,183.96
517,518,44,134,44,,,40,140,0.922,183.96
518,519,44,135,44,,,40,140,0.922,183.96
519,520,44,136,44,,,40,140,0.922,183.96
520,521,44,137,44,,,40,140,0.922,183.96
521,522,44,138,44,,,40,140,0.922,183.96
522,523,44,139,44,,,40,140,0.922,183.96
523,524,44,140,44,,,40,140,0.922,183.96
524,525,44,141,44,,,40,140,0.922,183.96
525,526,44,142,44,,,40,140,0.922,183.96
526,527,44,143,44,,,40,140,0.922,183.96
527,528,44,144,44,,,40,140,0.922,183.96
528,529,45,145,45,23,,41,141,0.924,179.73
529,530,45,146,45,23,,41,141,0.924,179.73
530,531,45,147,45,23,,41,141,0.924,179.73
531,532,45,148,45,23,,41,141,0.924,179.73
532,533,45,149,45,23,,41,141,0.924,179.73
533,534,45,150,45,23,,41,141,0.924,179.73
534,535,45,151,45,23,,41,141,0.924,179.73
535,536,45,152,45,23,,41,141,0.924,179.73
536,537,45,153,45,23,,41,141,0.924,179.73
537,538,45,154,45,23,,41,141,0.924,179.73
538,539,45,155,45,23,,41,141,0.924,179.73
539,540,45,156,45,23,,41,141,0.924,179.73
540,541,46,157,46,24,,42,142,0.925,180.56
541,542,46,158,46,24,,42,142,0.925,180.56
542,543,46,159,46,24,,42,142,0.925,180.56
543,544,46,160,46,24,,42,142,0.925,180.56
544,545,46,161,46,24,,42,142,0.925,180.56
545,546,46,162,46,24,,42,142,0.925,180.56
546,547,46,163,46,24,,42,142,0.925,180.56
547,548,46,164,46,24,,42,142,0.925,180.56
548,549,46,165,46,24,,42,142,0.925,180.56
549,550,46,166,46,24,,42,142,0.925,180.56
550,551,46,167,46,24,,42,142,0.925,180.56
551,552,46,168,46,24,,42,142,0.925,180.56
552,553,47,169,47,,,,143,0.926,179.2
553,554,47,170,47,,,,143,0.926,179.2
554,555,47,171,47,,,,143,0.926,179.2
555,556,47,172,47,,,,143,0.926,179.2
556,557,47,173,47,,,,143,0.926,179.2
557,558,47,174,47,,,,143,0.926,179.2
558,559,47,175,47,,,,143,0.926,179.2
559,560,47,176,47,,,,143,0.926,179.2
560,561,47,177,47,,,,143,0.926,179.2
561,562,47,178,47,,,,143,0.926,179.2
562,563,47,179,47,,,,143,0.926,179.2
563,564,47,180,47,,,,143,0.926,179.2
564,565,48,181,48,,,,144,0.926,172.11
565,566,48,182,48,,,,144,0.926,172.11
566,567,48,183,48,,,,144,0.926,172.11
567,568,48,184,48,,,,144,0.926,172.11
568,569,48,185,48,,,,144,0.926,172.11
569,570,48,186,48,,,,144,0.926,172.11
570,571,48,187,48,,,,144,0.926,172.11
571,572,48,188,48,,,,144,0.926,172.11
572,573,48,189,48,,,,144,0.926,172.11
573,574,48,190,48,,,,144,0.926,172.11
574,575,48,191,48,,,,144,0.926,172.11
575,576,48,192,48,,,,144,0.926,172.11
576,577,65,1,49,,41,57,65,0.737,
577,578,65,2,49,,41,57,65,0.737,
578,579,65,3,49,,41,57,65,0.737,
579,580,65,4,49,,41,57,65,0.737,
580,581,65,5,49,,41,57,65,0.737,
581,582,65,6,49,,41,57,65,0.737,
582,583,65,7,49,,41,57,65,0.737,
583,584,65,8,49,,41,57,65,0.737,
584,585,65,9,49,,41,57,65,0.737,
585,586,65,10,49,,41,57,65,0.737,
586,587,65,11,49,,41,57,65,0.737,
587,588,65,12,49,,41,57,65,0.737,
588,589,66,13,50,,42,58,66,0.745,
589,590,66,14,50,,42,58,66,0.745,
590,591,66,15,50,,42,58,66,0.745,
591,592,66,16,50,,42,58,66,0.745,
592,593,66,17,50,,42,58,66,0.745,
593,594,66,18,50,,42,58,66,0.745,
594,595,66,19,50,,42,58,66,0.745,
595,596,66,20,50,,42,58,66,0.745,
596,597,66,21,50,,42,58,66,0.745,
597,598,66,22,50,,42,58,66,0.745,
598,599,66,23,50,,42,58,66,0.745,
599,600,66,24,50,,42,58,66,0.745,
600,601,67,25,51,40,43,59,67,0.746,
601,602,67,26,51,40,43,59,67,0.746,
602,603,67,27,51,40,43,59,67,0.746,
603,604,67,28,51,40,43,59,67,0.746,
604,605,67,29,51,40,43,59,67,0.746,
605,606,67,30,51,40,43,59,67,0.746,
606,607,67,31,51,40,43,59,67,0.746,
607,608,67,32,51,40,43,59,67,0.746,
608,609,67,33,51,40,43,59,67,0.746,
609,610,67,34,51,40,43,59,67,0.746,
610,611,67,35,51,40,43,59,67,0.746,
611,612,67,36,51,40,43,59,67,0.746,
612,613,68,37,52,,44,60,68,0.748,
613,614,68,38,52,,44,60,68,0.748,
614,615,68,39,52,,44,60,68,0.748,
615,616,68,40,52,,44,60,68,0.748,
616,617,68,41,52,,44,60,68,0.748,
617,618,68,42,52,,44,60,68,0.748,
618,619,68,43,52,,44,60,68,0.748,
619,620,68,44,52,,44,60,68,0.748,
620,621,68,45,52,,44,60,68,0.748,
621,622,68,46,52,,44,60,68,0.748,
622,623,68,47,52,,44,60,68,0.748,
623,624,68,48,52,,44,60,68,0.748,
624,625,69,49,53,,45,61,69,0.748,
625,626,69,50,53,,45,61,69,0.748,
626,627,69,51,53,,45,61,69,0.748,
627,628,69,52,53,,45,61,69,0.748,
628,629,69,53,53,,45,61,69,0.748,
629,630,69,54,53,,45,61,69,0.748,
630,631,69,55,53,,45,61,69,0.748,
631,632,69,56,53,,45,61,69,0.748,
632,633,69,57,53,,45,61,69,0.748,
633,634,69,58,53,,45,61,69,0.748,
634,635,69,59,53,,45,61,69,0.748,
635,636,69,60,53,,45,61,69,0.748,
636,637,70,61,54,32,46,62,70,0.748,
637,638,70,62,54,32,46,62,70,0.748,
638,639,70,63,54,32,46,62,70,0.748,
639,640,70,64,54,32,46,62,70,0.748,
640,641,70,65,54,32,46,62,70,0.748,
641,642,70,66,54,32,46,62,70,0.748,
642,643,70,67,54,32,46,62,70,0.748,
643,644,70,68,54,32,46,62,70,0.748,
644,645,70,69,54,32,46,62,70,0.748,
645,646,70,70,54,32,46,62,70,0.748,
646,647,70,71,54,32,46,62,70,0.748,
647,648,70,72,54,32,46,62,70,0.748,
648,649,71,73,55,31,47,63,71,0.755,
649,650,71,74,55,31,47,63,71,0.755,
650,651,71,75,55,31,47,63,71,0.755,
651,652,71,76,55,31,47,63,71,0.755,
652,653,71,77,55,31,47,63,71,0.755,
653,654,71,78,55,31,47,63,71,0.755,
654,655,71,79,55,31,47,63,71,0.755,
655,656,71,80,55,31,47,63,71,0.755,
656,657,71,81,55,31,47,63,71,0.755,
657,658,71,82,55,31,47,63,71,0.755,
658,659,71,83,55,31,47,63,71,0.755,
659,660,71,84,55,31,47,63,71,0.755,
660,661,72,85,56,,48,64,72,0.759,60.31
661,662,72,86,56,,48,64,72,0.759,60.31
662,663,72,87,56,,48,64,72,0.759,60.31
663,664,72,88,56,,48,64,72,0.759,60.31
664,665,72,89,56,,48,64,72,0.759,60.31
665,666,72,90,56,,48,64,72,0.759,60.31
666,667,72,91,56,,48,64,72,0.759,60.31
667,668,72,92,56,,48,64,72,0.759,60.31
668,669,72,93,56,,48,64,72,0.759,60.31
669,670,72,94,56,,48,64,72,0.759,60.31
670,671,72,95,56,,48,64,72,0.759,60.31
671,672,72,96,56,,48,64,72,0.759,60.31
672,673,73,97,57,,49,65,73,0.756,87.94
673,674,73,98,57,,49,65,73,0.756,87.94
674,675,73,99,57,,49,65,73,0.756,87.94
675,676,73,100,57,,49,65,73,0.756,87.94
676,677,73,101,57,,49,65,73,0.756,87.94
677,678,73,102,57,,49,65,73,0.756,87.94
678,679,73,103,57,,49,65,73,0.756,87.94
679,680,73,104,57,,49,65,73,0.756,87.94
680,681,73,105,57,,49,65,73,0.756,87.94
681,682,73,106,57,,49,65,73,0.756,87.94
682,683,73,107,57,,49,65,73,0.756,87.94
683,684,73,108,57,,49,65,73,0.756,87.94
684,685,74,109,58,,50,66,74,0.761,83.47
685,686,74,110,58,,50,66,74,0.761,83.47
686,687,74,111,58,,50,66,74,0.761,83.47
687,688,74,112,58,,50,66,74,0.761,83.47
688,689,74,113,58,,50,66,74,0.761,83.47
689,690,74,114,58,,50,66,74,0.761,83.47
690,691,74,115,58,,50,66,74,0.761,83.47
691,692,74,116,58,,50,66,74,0.761,83.47
692,693,74,117,58,,50,66,74,0.761,83.47
693,694,74,118,58,,50,66,74,0.761,83.47
694,695,74,119,58,,50,66,74,0.761,83.47
695,696,74,120,58,,50,66,74,0.761,83.47
696,697,75,121,59,,,67,75,0.766,84.97
697,698,75,122,59,,,67,75,0.766,84.97
698,699,75,123,59,,,67,75,0.766,84.97
699,700,75,124,59,,,67,75,0.766,84.97
700,701,75,125,59,,,67,75,0.766,84.97
701,702,75,126,59,,,67,75,0.766,84.97
702,703,75,127,59,,,67,75,0.766,84.97
703,704,75,128,59,,,67,75,0.766,84.97
704,705,75,129,59,,,67,75,0.766,84.97
705,706,75,130,59,,,67,75,0.766,84.97
706,707,75,131,59,,,67,75,0.766,84.97
707,708,75,132,59,,,67,75,0.766,84.97
708,709,76,133,60,,,68,76,0.768,137.01
709,710,76,134,60,,,68,76,0.768,137.01
710,711,76,135,60,,,68,76,0.768,137.01
711,712,76,136,60,,,68,76,0.768,137.01
712,713,76,137,60,,,68,76,0.768,137.01
713,714,76,138,60,,,68,76,0.768,137.01
714,715,76,139,60,,,68,76,0.768,137.01
715,716,76,140,60,,,68,76,0.768,137.01
716,717,76,141,60,,,68,76,0.768,137.01
717,718,76,142,60,,,68,76,0.768,137.01
718,719,76,143,60,,,68,76,0.768,137.01
719,720,76,144,60,,,68,76,0.768,137.01
720,721,77,145,61,36,,69,77,0.771,129.06
721,722,77,146,61,36,,69,77,0.771,129.06
722,723,77,147,61,36,,69,77,0.771,129.06
723,724,77,148,61,36,,69,77,0.771,129.06
724,725,77,149,61,36,,69,77,0.771,129.06
725,726,77,150,61,36,,69,77,0.771,129.06
726,727,77,151,61,36,,69,77,0.771,129.06
727,728,77,152,61,36,,69,77,0.771,129.06
728,729,77,153,61,36,,69,77,0.771,129.06
729,730,77,154,61,36,,69,77,0.771,129.06
730,731,77,155,61,36,,69,77,0.771,129.06
731,732,77,156,61,36,,69,77,0.771,129.06
732,733,78,157,62,,,70,78,0.776,126.42
733,734,78,158,62,,,70,78,0.776,126.42
734,735,78,159,62,,,70,78,0.776,126.42
735,736,78,160,62,,,70,78,0.776,126.42
736,737,78,161,62,,,70,78,0.776,126.42
737,738,78,162,62,,,70,78,0.776,126.42
738,739,78,163,62,,,70,78,0.776,126.42
739,740,78,164,62,,,70,78,0.776,126.42
740,741,78,165,62,,,70,78,0.776,126.42
741,742,78,166,62,,,70,78,0.776,126.42
742,743,78,167,62,,,70,78,0.776,126.42
743,744,78,168,62,,,70,78,0.776,126.42
744,745,79,169,63,37,,,79,0.779,123.48
745,746,79,170,63,37,,,79,0.779,123.48
746,747,79,171,63,37,,,79,0.779,123.48
747,748,79,172,63,37,,,79,0.779,123.48
748,749,79,173,63,37,,,79,0.779,123.48
749,750,79,174,63,37,,,79,0.779,123.48
750,751,79,175,63,37,,,79,0.779,123.48
751,752,79,176,63,37,,,79,0.779,123.48
752,753,79,177,63,37,,,79,0.779,123.48
753,754,79,178,63,37,,,79,0.779,123.48
754,755,79,179,63,37,,,79,0.779,123.48
755,756,79,180,63,37,,,79,0.779,123.48
756,757,80,181,64,,,,80,0.779,118.55
757,758,80,182,64,,,,80,0.779,118.55
758,759,80,183,64,,,,80,0.779,118.55
759,760,80,184,64,,,,80,0.779,118.55
760,761,80,185,64,,,,80,0.779,118.55
761,762,80,186,64,,,,80,0.779,118.55
762,763,80,187,64,,,,80,0.779,118.55
763,764,80,188,64,,,,80,0.779,118.55
764,765,80,189,64,,,,80,0.779,118.55
765,766,80,190,64,,,,80,0.779,118.55
766,767,80,191,64,,,,80,0.779,118.55
767,768,80,192,64,,,,80,0.779,118.55
768,769,97,1,81,,61,85,97,0.465,
769,770,97,2,81,,61,85,97,0.465,
770,771,97,3,81,,61,85,97,0.465,
771,772,97,4,81,,61,85,97,0.465,
772,773,97,5,81,,61,85,97,0.465,
773,774,97,6,81,,61,85,97,0.465,
774,775,97,7,81,,61,85,97,0.465,
775,776,97,8,81,,61,85,97,0.465,
776,777,97,9,81,,61,85,97,0.465,
777,778,97,10,81,,61,85,97,0.465,
778,779,97,11,81,,61,85,97,0.465,
779,780,97,12,81,,61,85,97,0.465,
780,781,98,13,82,,62,86,98,0.473,
781,782,98,14,82,,62,86,98,0.473,
782,783,98,15,82,,62,86,98,0.473,
783,784,98,16,82,,62,86,98,0.473,
784,785,98,17,82,,62,86,98,0.473,
785,786,98,18,82,,62,86,98,0.473,
786,787,98,19,82,,62,86,98,0.473,
787,788,98,20,82,,62,86,98,0.473,
788,789,98,21,82,,62,86,98,0.473,
789,790,98,22,82,,62,86,98,0.473,
790,791,98,23,82,,62,86,98,0.473,
791,792,98,24,82,,62,86,98,0.473,
792,793,99,25,83,,63,87,99,0.478,
793,794,99,26,83,,63,87,99,0.478,
794,795,99,27,83,,63,87,99,0.478,
795,796,99,28,83,,63,87,99,0.478,
796,797,99,29,83,,63,87,99,0.478,
797,798,99,30,83,,63,87,99,0.478,
798,799,99,31,83,,63,87,99,0.478,
799,800,99,32,83,,63,87,99,0.478,
800,801,99,33,83,,63,87,99,0.478,
801,802,99,34,83,,63,87,99,0.478,
802,803,99,35,83,,63,87,99,0.478,
803,804,99,36,83,,63,87,99,0.478,
804,805,100,37,84,,64,88,100,0.484,
805,806,100,38,84,,64,88,100,0.484,
806,807,100,39,84,,64,88,100,0.484,
807,808,100,40,84,,64,88,100,0.484,
808,809,100,41,84,,64,88,100,0.484,
809,810,100,42,84,,64,88,100,0.484,
810,811,100,43,84,,64,88,100,0.484,
811,812,100,44,84,,64,88,100,0.484,
812,813,100,45,84,,64,88,100,0.484,
813,814,100,46,84,,64,88,100,0.484,
814,815,100,47,84,,64,88,100,0.484,
815,816,100,48,84,,64,88,100,0.484,
816,817,101,49,85,,65,89,101,0.49,
817,818,101,50,85,,65,89,101,0.49,
818,819,101,51,85,,65,89,101,0.49,
819,820,101,52,85,,65,89,101,0.49,
820,821,101,53,85,,65,89,101,0.49,
821,822,101,54,85,,65,89,101,0.49,
822,823,101,55,85,,65,89,101,0.49,
823,824,101,56,85,,65,89,101,0.49,
824,825,101,57,85,,65,89,101,0.49,
825,826,101,58,85,,65,89,101,0.49,
826,827,101,59,85,,65,89,101,0.49,
827,828,101,60,85,,65,89,101,0.49,
828,829,102,61,86,62,66,90,102,0.482,
829,830,102,62,86,62,66,90,102,0.482,
830,831,102,63,86,62,66,90,102,0.482,
831,832,102,64,86,62,66,90,102,0.482,
832,833,102,65,86,62,66,90,102,0.482,
833,834,102,66,86,62,66,90,102,0.482,
834,835,102,67,86,62,66,90,102,0.482,
835,836,102,68,86,62,66,90,102,0.482,
836,837,102,69,86,62,66,90,102,0.482,
837,838,102,70,86,62,66,90,102,0.482,
838,839,102,71,86,62,66,90,102,0.482,
839,840,102,72,86,62,66,90,102,0.482,
840,841,103,73,87,64,67,91,103,0.492,
841,842,103,74,87,64,67,91,103,0.492,
842,843,103,75,87,64,67,91,103,0.492,
843,844,103,76,87,64,67,91,103,0.492,
844,845,103,77,87,64,67,91,103,0.492,
845,846,103,78,87,64,67,91,103,0.492,
846,847,103,79,87,64,67,91,103,0.492,
847,848,103,80,87,64,67,91,103,0.492,
848,849,103,81,87,64,67,91,103,0.492,
849,850,103,82,87,64,67,91,103,0.492,
850,851,103,83,87,64,67,91,103,0.492,
851,852,103,84,87,64,67,91,103,0.492,
852,853,104,85,88,61,68,92,104,0.5,
853,854,104,86,88,61,68,92,104,0.5,
854,855,104,87,88,61,68,92,104,0.5,
855,856,104,88,88,61,68,92,104,0.5,
856,857,104,89,88,61,68,92,104,0.5,
857,858,104,90,88,61,68,92,104,0.5,
858,859,104,91,88,61,68,92,104,0.5,
859,860,104,92,88,61,68,92,104,0.5,
860,861,104,93,88,61,68,92,104,0.5,
861,862,104,94,88,61,68,92,104,0.5,
862,863,104,95,88,61,68,92,104,0.5,
863,864,104,96,88,61,68,92,104,0.5,
864,865,105,97,89,65,69,93,105,0.519,
865,866,105,98,89,65,69,93,105,0.519,
866,867,105,99,89,65,69,93,105,0.519,
867,868,105,100,89,65,69,93,105,0.519,
868,869,105,101,89,65,69,93,105,0.519,
869,870,105,102,89,65,69,93,105,0.519,
870,871,105,103,89,65,69,93,105,0.519,
871,872,105,104,89,65,69,93,105,0.519,
872,873,105,105,89,65,69,93,105,0.519,
873,874,105,106,89,65,69,93,105,0.519,
874,875,105,107,89,65,69,93,105,0.519,
875,876,105,108,89,65,69,93,105,0.519,
876,877,106,109,90,,70,94,106,0.523,
877,878,106,110,90,,70,94,106,0.523,
878,879,106,111,90,,70,94,106,0.523,
879,880,106,112,90,,70,94,106,0.523,
880,881,106,113,90,,70,94,106,0.523,
881,882,106,114,90,,70,94,106,0.523,
882,883,106,115,90,,70,94,106,0.523,
883,884,106,116,90,,70,94,106,0.523,
884,885,106,117,90,,70,94,106,0.523,
885,886,106,118,90,,70,94,106,0.523,
886,887,106,119,90,,70,94,106,0.523,
887,888,106,120,90,,70,94,106,0.523,
888,889,107,121,91,66,,95,107,0.526,2.99
889,890,107,122,91,66,,95,107,0.526,2.99
890,891,107,123,91,66,,95,107,0.526,2.99
891,892,107,124,91,66,,95,107,0.526,2.99
892,893,107,125,91,66,,95,107,0.526,2.99
893,894,107,126,91,66,,95,107,0.526,2.99
894,895,107,127,91,66,,95,107,0.526,2.99
895,896,107,128,91,66,,95,107,0.526,2.99
896,897,107,129,91,66,,95,107,0.526,2.99
897,898,107,130,91,66,,95,107,0.526,2.99
898,899,107,131,91,66,,95,107,0.526,2.99
899,900,107,132,91,66,,95,107,0.526,2.99
900,901,108,133,92,,,96,108,0.526,
901,902,108,134,92,,,96,108,0.526,
902,903,108,135,92,,,96,108,0.526,
903,904,108,136,92,,,96,108,0.526,
904,905,108,137,92,,,96,108,0.526,
905,906,108,138,92,,,96,108,0.526,
906,907,108,139,92,,,96,108,0.526,
907,908,108,140,92,,,96,108,0.526,
908,909,108,141,92,,,96,108,0.526,
909,910,108,142,92,,,96,108,0.526,
910,911,108,143,92,,,96,108,0.526,
911,912,108,144,92,,,96,108,0.526,
912,913,109,145,93,,,97,109,0.531,
913,914,109,146,93,,,97,109,0.531,
914,915,109,147,93,,,97,109,0.531,
915,916,109,148,93,,,97,109,0.531,
916,917,109,149,93,,,97,109,0.531,
917,918,109,150,93,,,97,109,0.531,
918,919,109,151,93,,,97,109,0.531,
919,920,109,152,93,,,97,109,0.531,
920,921,109,153,93,,,97,109,0.531,
921,922,109,154,93,,,97,109,0.531,
922,923,109,155,93,,,97,109,0.531,
923,924,109,156,93,,,97,109,0.531,
924,925,110,157,94,,,98,110,0.534,
925,926,110,158,94,,,98,110,0.534,
926,927,110,159,94,,,98,110,0.534,
927,928,110,160,94,,,98,110,0.534,
928,929,110,161,94,,,98,110,0.534,
929,930,110,162,94,,,98,110,0.534,
930,931,110,163,94,,,98,110,0.534,
931,932,110,164,94,,,98,110,0.534,
932,933,110,165,94,,,98,110,0.534,
933,934,110,166,94,,,98,110,0.534,
934,935,110,167,94,,,98,110,0.534,
935,936,110,168,94,,,98,110,0.534,
936,937,111,169,95,67,,,111,0.539,
937,938,111,170,95,67,,,111,0.539,
938,939,111,171,95,67,,,111,0.539,
939,940,111,172,95,67,,,111,0.539,
940,941,111,173,95,67,,,111,0.539,
941,942,111,174,95,67,,,111,0.539,
942,943,111,175,95,67,,,111,0.539,
943,944,111,176,95,67,,,111,0.539,
944,945,111,177,95,67,,,111,0.539,
945,946,111,178,95,67,,,111,0.539,
946,947,111,179,95,67,,,111,0.539,
947,948,111,180,95,67,,,111,0.539,
948,949,112,181,96,63,,,112,0.539,55.65
949,950,112,182,96,63,,,112,0.539,55.65
950,951,112,183,96,63,,,112,0.539,55.65
951,952,112,184,96,63,,,112,0.539,55.65
952,953,112,185,96,63,,,112,0.539,55.65
953,954,112,186,96,63,,,112,0.539,55.65
954,955,112,187,96,63,,,112,0.539,55.65
955,956,112,188,96,63,,,112,0.539,55.65
956,957,112,189,96,63,,,112,0.539,55.65
957,958,112,190,96,63,,,112,0.539,55.65
958,959,112,191,96,63,,,112,0.539,55.65
959,960,112,192,96,63,,,112,0.539,55.65
960,961,49,1,97,,31,43,49,0.367,
961,962,49,2,97,,31,43,49,0.367,
962,963,49,3,97,,31,43,49,0.367,
963,964,49,4,97,,31,43,49,0.367,
964,965,49,5,97,,31,43,49,0.367,
965,966,49,6,97,,31,43,49,0.367,
966,967,49,7,97,,31,43,49,0.367,
967,968,49,8,97,,31,43,49,0.367,
968,969,49,9,97,,31,43,49,0.367,
969,970,49,10,97,,31,43,49,0.367,
970,971,49,11,97,,31,43,49,0.367,
971,972,49,12,97,,31,43,49,0.367,
972,973,50,13,98,,32,44,50,0.376,
973,974,50,14,98,,32,44,50,0.376,
974,975,50,15,98,,32,44,50,0.376,
975,976,50,16,98,,32,44,50,0.376,
976,977,50,17,98,,32,44,50,0.376,
977,978,50,18,98,,32,44,50,0.376,
978,979,50,19,98,,32,44,50,0.376,
979,980,50,20,98,,32,44,50,0.376,
980,981,50,21,98,,32,44,50,0.376,
981,982,50,22,98,,32,44,50,0.376,
982,983,50,23,98,,32,44,50,0.376,
983,984,50,24,98,,32,44,50,0.376,
984,985,51,25,99,,33,45,51,0.371,
985,986,51,26,99,,33,45,51,0.371,
986,987,51,27,99,,33,45,51,0.371,
987,988,51,28,99,,33,45,51,0.371,
988,989,51,29,99,,33,45,51,0.371,
989,990,51,30,99,,33,45,51,0.371,
990,991,51,31,99,,33,45,51,0.371,
991,992,51,32,99,,33,45,51,0.371,
992,993,51,33,99,,33,45,51,0.371,
993,994,51,34,99,,33,45,51,0.371,
994,995,51,35,99,,33,45,51,0.371,
995,996,51,36,99,,33,45,51,0.371,
996,997,52,37,100,,34,46,52,0.394,
997,998,52,38,100,,34,46,52,0.394,
998,999,52,39,100,,34,46,52,0.394,
999,1000,52,40,100,,34,46,52,0.394,
1000,1001,52,41,100,,34,46,52,0.394,
1001,1002,52,42,100,,34,46,52,0.394,
1002,1003,52,43,100,,34,46,52,0.394,
1003,1004,52,44,100,,34,46,52,0.394,
1004,1005,52,45,100,,34,46,52,0.394,
1005,1006,52,46,100,,34,46,52,0.394,
1006,1007,52,47,100,,34,46,52,0.394,
1007,1008,52,48,100,,34,46,52,0.394,
1008,1009,53,49,101,,35,47,53,0.401,
1009,1010,53,50,101,,35,47,53,0.401,
1010,1011,53,51,101,,35,47,53,0.401,
1011,1012,53,52,101,,35,47,53,0.401,
1012,1013,53,53,101,,35,47,53,0.401,
1013,1014,53,54,101,,35,47,53,0.401,
1014,1015,53,55,101,,35,47,53,0.401,
1015,1016,53,56,101,,35,47,53,0.401,
1016,1017,53,57,101,,35,47,53,0.401,
1017,1018,53,58,101,,35,47,53,0.401,
1018,1019,53,59,101,,35,47,53,0.401,
1019,1020,53,60,101,,35,47,53,0.401,
1020,1021,54,61,102,50,36,48,54,0.408,
1021,1022,54,62,102,50,36,48,54,0.408,
1022,1023,54,63,102,50,36,48,54,0.408,
1023,1024,54,64,102,50,36,48,54,0.408,
1024,1025,54,65,102,50,36,48,54,0.408,
1025,1026,54,66,102,50,36,48,54,0.408,
1026,1027,54,67,102,50,36,48,54,0.408,
1027,1028,54,68,102,50,36,48,54,0.408,
1028,1029,54,69,102,50,36,48,54,0.408,
1029,1030,54,70,102,50,36,48,54,0.408,
1030,1031,54,71,102,50,36,48,54,0.408,
1031,1032,54,72,102,50,36,48,54,0.408,
1032,1033,55,73,103,,37,49,55,0.413,
1033,1034,55,74,103,,37,49,55,0.413,
1034,1035,55,75,103,,37,49,55,0.413,
1035,1036,55,76,103,,37,49,55,0.413,
1036,1037,55,77,103,,37,49,55,0.413,
1037,1038,55,78,103,,37,49,55,0.413,
1038,1039,55,79,103,,37,49,55,0.413,
1039,1040,55,80,103,,37,49,55,0.413,
1040,1041,55,81,103,,37,49,55,0.413,
1041,1042,55,82,103,,37,49,55,0.413,
1042,1043,55,83,103,,37,49,55,0.413,
1043,1044,55,84,103,,37,49,55,0.413,
1044,1045,56,85,104,,38,50,56,0.413,
1045,1046,56,86,104,,38,50,56,0.413,
1046,1047,56,87,104,,38,50,56,0.413,
1047,1048,56,88,104,,38,50,56,0.413,
1048,1049,56,89,104,,38,50,56,0.413,
1049,1050,56,90,104,,38,50,56,0.413,
1050,1051,56,91,104,,38,50,56,0.413,
1051,1052,56,92,104,,38,50,56,0.413,
1052,1053,56,93,104,,38,50,56,0.413,
1053,1054,56,94,104,,38,50,56,0.413,
1054,1055,56,95,104,,38,50,56,0.413,
1055,1056,56,96,104,,38,50,56,0.413,
1056,1057,57,97,105,,39,51,57,0.413,
1057,1058,57,98,105,,39,51,57,0.413,
1058,1059,57,99,105,,39,51,57,0.413,
1059,1060,57,100,105,,39,51,57,0.413,
1060,1061,57,101,105,,39,51,57,0.413,
1061,1062,57,102,105,,39,51,57,0.413,
1062,1063,57,103,105,,39,51,57,0.413,
1063,1064,57,104,105,,39,51,57,0.413,
1064,1065,57,105,105,,39,51,57,0.413,
1065,1066,57,106,105,,39,51,57,0.413,
1066,1067,57,107,105,,39,51,57,0.413,
1067,1068,57,108,105,,39,51,57,0.413,
1068,1069,58,109,106,,40,52,58,0.419,
1069,1070,58,110,106,,40,52,58,0.419,
1070,1071,58,111,106,,40,52,58,0.419,
1071,1072,58,112,106,,40,52,58,0.419,
1072,1073,58,113,106,,40,52,58,0.419,
1073,1074,58,114,106,,40,52,58,0.419,
1074,1075,58,115,106,,40,52,58,0.419,
1075,1076,58,116,106,,40,52,58,0.419,
1076,1077,58,117,106,,40,52,58,0.419,
1077,1078,58,118,106,,40,52,58,0.419,
1078,1079,58,119,106,,40,52,58,0.419,
1079,1080,58,120,106,,40,52,58,0.419,
1080,1081,59,121,107,49,,53,59,0.417,
1081,1082,59,122,107,49,,53,59,0.417,
1082,1083,59,123,107,49,,53,59,0.417,
1083,1084,59,124,107,49,,53,59,0.417,
1084,1085,59,125,107,49,,53,59,0.417,
1085,1086,59,126,107,49,,53,59,0.417,
1086,1087,59,127,107,49,,53,59,0.417,
1087,1088,59,128,107,49,,53,59,0.417,
1088,1089,59,129,107,49,,53,59,0.417,
1089,1090,59,130,107,49,,53,59,0.417,
1090,1091,59,131,107,49,,53,59,0.417,
1091,1092,59,132,107,49,,53,59,0.417,
1092,1093,60,133,108,,,54,60,0.422,
1093,1094,60,134,108,,,54,60,0.422,
1094,1095,60,135,108,,,54,60,0.422,
1095,1096,60,136,108,,,54,60,0.422,
1096,1097,60,137,108,,,54,60,0.422,
1097,1098,60,138,108,,,54,60,0.422,
1098,1099,60,139,108,,,54,60,0.422,
1099,1100,60,140,108,,,54,60,0.422,
1100,1101,60,141,108,,,54,60,0.422,
1101,1102,60,142,108,,,54,60,0.422,
1102,1103,60,143,108,,,54,60,0.422,
1103,1104,60,144,108,,,54,60,0.422,
1104,1105,61,145,109,,,55,61,0.427,
1105,1106,61,146,109,,,55,61,0.427,
1106,1107,61,147,109,,,55,61,0.427,
1107,1108,61,148,109,,,55,61,0.427,
1108,1109,61,149,109,,,55,61,0.427,
1109,1110,61,150,109,,,55,61,0.427,
1110,1111,61,151,109,,,55,61,0.427,
1111,1112,61,152,109,,,55,61,0.427,
1112,1113,61,153,109,,,55,61,0.427,
1113,1114,61,154,109,,,55,61,0.427,
1114,1115,61,155,109,,,55,61,0.427,
1115,1116,61,156,109,,,55,61,0.427,
1116,1117,62,157,110,42,,56,62,0.431,
1117,1118,62,158,110,42,,56,62,0.431,
1118,1119,62,159,110,42,,56,62,0.431,
1119,1120,62,160,110,42,,56,62,0.431,
1120,1121,62,161,110,42,,56,62,0.431,
1121,1122,62,162,110,42,,56,62,0.431,
1122,1123,62,163,110,42,,56,62,0.431,
1123,1124,62,164,110,42,,56,62,0.431,
1124,1125,62,165,110,42,,56,62,0.431,
1125,1126,62,166,110,42,,56,62,0.431,
1126,1127,62,167,110,42,,56,62,0.431,
1127,1128,62,168,110,42,,56,62,0.431,
1128,1129,63,169,111,47,,,63,0.434,
1129,1130,63,170,111,47,,,63,0.434,
1130,1131,63,171,111,47,,,63,0.434,
1131,1132,63,172,111,47,,,63,0.434,
1132,1133,63,173,111,47,,,63,0.434,
1133,1134,63,174,111,47,,,63,0.434,
1134,1135,63,175,111,47,,,63,0.434,
1135,1136,63,176,111,47,,,63,0.434,
1136,1137,63,177,111,47,,,63,0.434,
1137,1138,63,178,111,47,,,63,0.434,
1138,1139,63,179,111,47,,,63,0.434,
1139,1140,63,180,111,47,,,63,0.434,
1140,1141,64,181,112,41,,,64,0.434,
1141,1142,64,182,112,41,,,64,0.434,
1142,1143,64,183,112,41,,,64,0.434,
1143,1144,64,184,112,41,,,64,0.434,
1144,1145,64,185,112,41,,,64,0.434,
1145,1146,64,186,112,41,,,64,0.434,
1146,1147,64,187,112,41,,,64,0.434,
1147,1148,64,188,112,41,,,64,0.434,
1148,1149,64,189,112,41,,,64,0.434,
1149,1150,64,190,112,41,,,64,0.434,
1150,1151,64,191,112,41,,,64,0.434,
1151,1152,64,192,112,41,,,64,0.434,
1152,1153,81,1,65,89,51,71,81,0.294,
1153,1154,81,2,65,89,51,71,81,0.294,
1154,1155,81,3,65,89,51,71,81,0.294,
1155,1156,81,4,65,89,51,71,81,0.294,
1156,1157,81,5,65,89,51,71,81,0.294,
1157,1158,81,6,65,89,51,71,81,0.294,
1158,1159,81,7,65,89,51,71,81,0.294,
1159,1160,81,8,65,89,51,71,81,0.294,
1160,1161,81,9,65,89,51,71,81,0.294,
1161,1162,81,10,65,89,51,71,81,0.294,
1162,1163,81,11,65,89,51,71,81,0.294,
1163,1164,81,12,65,89,51,71,81,0.294,
1164,1165,82,13,66,,52,72,82,0.3,
1165,1166,82,14,66,,52,72,82,0.3,
1166,1167,82,15,66,,52,72,82,0.3,
1167,1168,82,16,66,,52,72,82,0.3,
1168,1169,82,17,66,,52,72,82,0.3,
1169,1170,82,18,66,,52,72,82,0.3,
1170,1171,82,19,66,,52,72,82,0.3,
1171,1172,82,20,66,,52,72,82,0.3,
1172,1173,82,21,66,,52,72,82,0.3,
1173,1174,82,22,66,,52,72,82,0.3,
1174,1175,82,23,66,,52,72,82,0.3,
1175,1176,82,24,66,,52,72,82,0.3,
1176,1177,83,25,67,83,53,73,83,0.306,
1177,1178,83,26,67,83,53,73,83,0.306,
1178,1179,83,27,67,83,53,73,83,0.306,
1179,1180,83,28,67,83,53,73,83,0.306,
1180,1181,83,29,67,83,53,73,83,0.306,
1181,1182,83,30,67,83,53,73,83,0.306,
1182,1183,83,31,67,83,53,73,83,0.306,
1183,1184,83,32,67,83,53,73,83,0.306,
1184,1185,83,33,67,83,53,73,83,0.306,
1185,1186,83,34,67,83,53,73,83,0.306,
1186,1187,83,35,67,83,53,73,83,0.306,
1187,1188,83,36,67,83,53,73,83,0.306,
1188,1189,84,37,68,,54,74,84,0.314,
1189,1190,84,38,68,,54,74,84,0.314,
1190,1191,84,39,68,,54,74,84,0.314,
1191,1192,84,40,68,,54,74,84,0.314,
1192,1193,84,41,68,,54,74,84,0.314,
1193,1194,84,42,68,,54,74,84,0.314,
1194,1195,84,43,68,,54,74,84,0.314,
1195,1196,84,44,68,,54,74,84,0.314,
1196,1197,84,45,68,,54,74,84,0.314,
1197,1198,84,46,68,,54,74,84,0.314,
1198,1199,84,47,68,,54,74,84,0.314,
1199,1200,84,48,68,,54,74,84,0.314,
1200,1201,85,49,69,82,55,75,85,0.321,
1201,1202,85,50,69,82,55,75,85,0.321,
1202,1203,85,51,69,82,55,75,85,0.321,
1203,1204,85,52,69,82,55,75,85,0.321,
1204,1205,85,53,69,82,55,75,85,0.321,
1205,1206,85,54,69,82,55,75,85,0.321,
1206,1207,85,55,69,82,55,75,85,0.321,
1207,1208,85,56,69,82,55,75,85,0.321,
1208,1209,85,57,69,82,55,75,85,0.321,
1209,1210,85,58,69,82,55,75,85,0.321,
1210,1211,85,59,69,82,55,75,85,0.321,
1211,1212,85,60,69,82,55,75,85,0.321,
1212,1213,86,61,70,,56,76,86,0.331,
1213,1214,86,62,70,,56,76,86,0.331,
1214,1215,86,63,70,,56,76,86,0.331,
1215,1216,86,64,70,,56,76,86,0.331,
1216,1217,86,65,70,,56,76,86,0.331,
1217,1218,86,66,70,,56,76,86,0.331,
1218,1219,86,67,70,,56,76,86,0.331,
1219,1220,86,68,70,,56,76,86,0.331,
1220,1221,86,69,70,,56,76,86,0.331,
1221,1222,86,70,70,,56,76,86,0.331,
1222,1223,86,71,70,,56,76,86,0.331,
1223,1224,86,72,70,,56,76,86,0.331,
1224,1225,87,73,71,,57,77,87,0.338,
1225,1226,87,74,71,,57,77,87,0.338,
1226,1227,87,75,71,,57,77,87,0.338,
1227,1228,87,76,71,,57,77,87,0.338,
1228,1229,87,77,71,,57,77,87,0.338,
1229,1230,87,78,71,,57,77,87,0.338,
1230,1231,87,79,71,,57,77,87,0.338,
1231,1232,87,80,71,,57,77,87,0.338,
1232,1233,87,81,71,,57,77,87,0.338,
1233,1234,87,82,71,,57,77,87,0.338,
1234,1235,87,83,71,,57,77,87,0.338,
1235,1236,87,84,71,,57,77,87,0.338,
1236,1237,88,85,72,,58,78,88,0.35,
1237,1238,88,86,72,,58,78,88,0.35,
1238,1239,88,87,72,,58,78,88,0.35,
1239,1240,88,88,72,,58,78,88,0.35,
1240,1241,88,89,72,,58,78,88,0.35,
1241,1242,88,90,72,,58,78,88,0.35,
1242,1243,88,91,72,,58,78,88,0.35,
1243,1244,88,92,72,,58,78,88,0.35,
1244,1245,88,93,72,,58,78,88,0.35,
1245,1246,88,94,72,,58,78,88,0.35,
1246,1247,88,95,72,,58,78,88,0.35,
1247,1248,88,96,72,,58,78,88,0.35,
1248,1249,89,97,73,,59,79,89,0.357,
1249,1250,89,98,73,,59,79,89,0.357,
1250,1251,89,99,73,,59,79,89,0.357,
1251,1252,89,100,73,,59,79,89,0.357,
1252,1253,89,101,73,,59,79,89,0.357,
1253,1254,89,102,73,,59,79,89,0.357,
1254,1255,89,103,73,,59,79,89,0.357,
1255,1256,89,104,73,,59,79,89,0.357,
1256,1257,89,105,73,,59,79,89,0.357,
1257,1258,89,106,73,,59,79,89,0.357,
1258,1259,89,107,73,,59,79,89,0.357,
1259,1260,89,108,73,,59,79,89,0.357,
1260,1261,90,109,74,,60,80,90,0.365,
1261,1262,90,110,74,,60,80,90,0.365,
1262,1263,90,111,74,,60,80,90,0.365,
1263,1264,90,112,74,,60,80,90,0.365,
1264,1265,90,113,74,,60,80,90,0.365,
1265,1266,90,114,74,,60,80,90,0.365,
1266,1267,90,115,74,,60,80,90,0.365,
1267,1268,90,116,74,,60,80,90,0.365,
1268,1269,90,117,74,,60,80,90,0.365,
1269,1270,90,118,74,,60,80,90,0.365,
1270,1271,90,119,74,,60,80,90,0.365,
1271,1272,90,120,74,,60,80,90,0.365,
1272,1273,91,121,75,,,81,91,0.372,
1273,1274,91,122,75,,,81,91,0.372,
1274,1275,91,123,75,,,81,91,0.372,
1275,1276,91,124,75,,,81,91,0.372,
1276,1277,91,125,75,,,81,91,0.372,
1277,1278,91,126,75,,,81,91,0.372,
1278,1279,91,127,75,,,81,91,0.372,
1279,1280,91,128,75,,,81,91,0.372,
1280,1281,91,129,75,,,81,91,0.372,
1281,1282,91,130,75,,,81,91,0.372,
1282,1283,91,131,75,,,81,91,0.372,
1283,1284,91,132,75,,,81,91,0.372,
1284,1285,92,133,76,81,,82,92,0.378,
1285,1286,92,134,76,81,,82,92,0.378,
1286,1287,92,135,76,81,,82,92,0.378,
1287,1288,92,136,76,81,,82,92,0.378,
1288,1289,92,137,76,81,,82,92,0.378,
1289,1290,92,138,76,81,,82,92,0.378,
1290,1291,92,139,76,81,,82,92,0.378,
1291,1292,92,140,76,81,,82,92,0.378,
1292,1293,92,141,76,81,,82,92,0.378,
1293,1294,92,142,76,81,,82,92,0.378,
1294,1295,92,143,76,81,,82,92,0.378,
1295,1296,92,144,76,81,,82,92,0.378,
1296,1297,93,145,77,86,,83,93,0.386,
1297,1298,93,146,77,86,,83,93,0.386,
1298,1299,93,147,77,86,,83,93,0.386,
1299,1300,93,148,77,86,,83,93,0.386,
1300,1301,93,149,77,86,,83,93,0.386,
1301,1302,93,150,77,86,,83,93,0.386,
1302,1303,93,151,77,86,,83,93,0.386,
1303,1304,93,152,77,86,,83,93,0.386,
1304,1305,93,153,77,86,,83,93,0.386,
1305,1306,93,154,77,86,,83,93,0.386,
1306,1307,93,155,77,86,,83,93,0.386,
1307,1308,93,156,77,86,,83,93,0.386,
1308,1309,94,157,78,,,84,94,0.391,
1309,1310,94,158,78,,,84,94,0.391,
1310,1311,94,159,78,,,84,94,0.391,
1311,1312,94,160,78,,,84,94,0.391,
1312,1313,94,161,78,,,84,94,0.391,
1313,1314,94,162,78,,,84,94,0.391,
1314,1315,94,163,78,,,84,94,0.391,
1315,1316,94,164,78,,,84,94,0.391,
1316,1317,94,165,78,,,84,94,0.391,
1317,1318,94,166,78,,,84,94,0.391,
1318,1319,94,167,78,,,84,94,0.391,
1319,1320,94,168,78,,,84,94,0.391,
1320,1321,95,169,79,87,,,95,0.394,
1321,1322,95,170,79,87,,,95,0.394,
1322,1323,95,171,79,87,,,95,0.394,
1323,1324,95,172,79,87,,,95,0.394,
1324,1325,95,173,79,87,,,95,0.394,
1325,1326,95,174,79,87,,,95,0.394,
1326,1327,95,175,79,87,,,95,0.394,
1327,1328,95,176,79,87,,,95,0.394,
1328,1329,95,177,79,87,,,95,0.394,
1329,1330,95,178,79,87,,,95,0.394,
1330,1331,95,179,79,87,,,95,0.394,
1331,1332,95,180,79,87,,,95,0.394,
1332,1333,96,181,80,84,,,96,0.394,
1333,1334,96,182,80,84,,,96,0.394,
1334,1335,96,183,80,84,,,96,0.394,
1335,1336,96,184,80,84,,,96,0.394,
1336,1337,96,185,80,84,,,96,0.394,
1337,1338,96,186,80,84,,,96,0.394,
1338,1339,96,187,80,84,,,96,0.394,
1339,1340,96,188,80,84,,,96,0.394,
1340,1341,96,189,80,84,,,96,0.394,
1341,1342,96,190,80,84,,,96,0.394,
1342,1343,96,191,80,84,,,96,0.394,
1343,1344,96,192,80,84,,,96,0.394,
1344,1345,113,1,113,75,21,99,33,0.355,
1345,1346,113,2,113,75,21,99,33,0.355,
1346,1347,113,3,113,75,21,99,33,0.355,
1347,1348,113,4,113,75,21,99,33,0.355,
1348,1349,113,5,113,75,21,99,33,0.355,
1349,1350,113,6,113,75,21,99,33,0.355,
1350,1351,113,7,113,75,21,99,33,0.355,
1351,1352,113,8,113,75,21,99,33,0.355,
1352,1353,113,9,113,75,21,99,33,0.355,
1353,1354,113,10,113,75,21,99,33,0.355,
1354,1355,113,11,113,75,21,99,33,0.355,
1355,1356,113,12,113,75,21,99,33,0.355,
1356,1357,114,13,114,,22,100,34,0.371,
1357,1358,114,14,114,,22,100,34,0.371,
1358,1359,114,15,114,,22,100,34,0.371,
1359,1360,114,16,114,,22,100,34,0.371,
1360,1361,114,17,114,,22,100,34,0.371,
1361,1362,114,18,114,,22,100,34,0.371,
1362,1363,114,19,114,,22,100,34,0.371,
1363,1364,114,20,114,,22,100,34,0.371,
1364,1365,114,21,114,,22,100,34,0.371,
1365,1366,114,22,114,,22,100,34,0.371,
1366,1367,114,23,114,,22,100,34,0.371,
1367,1368,114,24,114,,22,100,34,0.371,
1368,1369,115,25,115,,23,101,35,0.386,
1369,1370,115,26,115,,23,101,35,0.386,
1370,1371,115,27,115,,23,101,35,0.386,
1371,1372,115,28,115,,23,101,35,0.386,
1372,1373,115,29,115,,23,101,35,0.386,
1373,1374,115,30,115,,23,101,35,0.386,
1374,1375,115,31,115,,23,101,35,0.386,
1375,1376,115,32,115,,23,101,35,0.386,
1376,1377,115,33,115,,23,101,35,0.386,
1377,1378,115,34,115,,23,101,35,0.386,
1378,1379,115,35,115,,23,101,35,0.386,
1379,1380,115,36,115,,23,101,35,0.386,
1380,1381,116,37,116,,24,102,36,0.403,
1381,1382,116,38,116,,24,102,36,0.403,
1382,1383,116,39,116,,24,102,36,0.403,
1383,1384,116,40,116,,24,102,36,0.403,
1384,1385,116,41,116,,24,102,36,0.403,
1385,1386,116,42,116,,24,102,36,0.403,
1386,1387,116,43,116,,24,102,36,0.403,
1387,1388,116,44,116,,24,102,36,0.403,
1388,1389,116,45,116,,24,102,36,0.403,
1389,1390,116,46,116,,24,102,36,0.403,
1390,1391,116,47,116,,24,102,36,0.403,
1391,1392,116,48,116,,24,102,36,0.403,
1392,1393,117,49,117,,25,103,37,0.411,
1393,1394,117,50,117,,25,103,37,0.411,
1394,1395,117,51,117,,25,103,37,0.411,
1395,1396,117,52,117,,25,103,37,0.411,
1396,1397,117,53,117,,25,103,37,0.411,
1397,1398,117,54,117,,25,103,37,0.411,
1398,1399,117,55,117,,25,103,37,0.411,
1399,1400,117,56,117,,25,103,37,0.411,
1400,1401,117,57,117,,25,103,37,0.411,
1401,1402,117,58,117,,25,103,37,0.411,
1402,1403,117,59,117,,25,103,37,0.411,
1403,1404,117,60,117,,25,103,37,0.411,
1404,1405,118,61,118,,26,104,38,0.421,
1405,1406,118,62,118,,26,104,38,0.421,
1406,1407,118,63,118,,26,104,38,0.421,
1407,1408,118,64,118,,26,104,38,0.421,
1408,1409,118,65,118,,26,104,38,0.421,
1409,1410,118,66,118,,26,104,38,0.421,
1410,1411,118,67,118,,26,104,38,0.421,
1411,1412,118,68,118,,26,104,38,0.421,
1412,1413,118,69,118,,26,104,38,0.421,
1413,1414,118,70,118,,26,104,38,0.421,
1414,1415,118,71,118,,26,104,38,0.421,
1415,1416,118,72,118,,26,104,38,0.421,
1416,1417,119,73,119,71,27,105,39,0.432,
1417,1418,119,74,119,71,27,105,39,0.432,
1418,1419,119,75,119,71,27,105,39,0.432,
1419,1420,119,76,119,71,27,105,39,0.432,
1420,1421,119,77,119,71,27,105,39,0.432,
1421,1422,119,78,119,71,27,105,39,0.432,
1422,1423,119,79,119,71,27,105,39,0.432,
1423,1424,119,80,119,71,27,105,39,0.432,
1424,1425,119,81,119,71,27,105,39,0.432,
1425,1426,119,82,119,71,27,105,39,0.432,
1426,1427,119,83,119,71,27,105,39,0.432,
1427,1428,119,84,119,71,27,105,39,0.432,
1428,1429,120,85,120,,28,106,40,0.438,
1429,1430,120,86,120,,28,106,40,0.438,
1430,1431,120,87,120,,28,106,40,0.438,
1431,1432,120,88,120,,28,106,40,0.438,
1432,1433,120,89,120,,28,106,40,0.438,
1433,1434,120,90,120,,28,106,40,0.438,
1434,1435,120,91,120,,28,106,40,0.438,
1435,1436,120,92,120,,28,106,40,0.438,
1436,1437,120,93,120,,28,106,40,0.438,
1437,1438,120,94,120,,28,106,40,0.438,
1438,1439,120,95,120,,28,106,40,0.438,
1439,1440,120,96,120,,28,106,40,0.438,
1440,1441,121,97,121,,29,107,41,0.447,
1441,1442,121,98,121,,29,107,41,0.447,
1442,1443,121,99,121,,29,107,41,0.447,
1443,1444,121,100,121,,29,107,41,0.447,
1444,1445,121,101,121,,29,107,41,0.447,
1445,1446,121,102,121,,29,107,41,0.447,
1446,1447,121,103,121,,29,107,41,0.447,
1447,1448,121,104,121,,29,107,41,0.447,
1448,1449,121,105,121,,29,107,41,0.447,
1449,1450,121,106,121,,29,107,41,0.447,
1450,1451,121,107,121,,29,107,41,0.447,
1451,1452,121,108,121,,29,107,41,0.447,
1452,1453,122,109,122,,30,108,42,0.455,
1453,1454,122,110,122,,30,108,42,0.455,
1454,1455,122,111,122,,30,108,42,0.455,
1455,1456,122,112,122,,30,108,42,0.455,
1456,1457,122,113,122,,30,108,42,0.455,
1457,1458,122,114,122,,30,108,42,0.455,
1458,1459,122,115,122,,30,108,42,0.455,
1459,1460,122,116,122,,30,108,42,0.455,
1460,1461,122,117,122,,30,108,42,0.455,
1461,1462,122,118,122,,30,108,42,0.455,
1462,1463,122,119,122,,30,108,42,0.455,
1463,1464,122,120,122,,30,108,42,0.455,
1464,1465,123,121,123,,,109,43,0.462,
1465,1466,123,122,123,,,109,43,0.462,
1466,1467,123,123,123,,,109,43,0.462,
1467,1468,123,124,123,,,109,43,0.462,
1468,1469,123,125,123,,,109,43,0.462,
1469,1470,123,126,123,,,109,43,0.462,
1470,1471,123,127,123,,,109,43,0.462,
1471,1472,123,128,123,,,109,43,0.462,
1472,1473,123,129,123,,,109,43,0.462,
1473,1474,123,130,123,,,109,43,0.462,
1474,1475,123,131,123,,,109,43,0.462,
1475,1476,123,132,123,,,109,43,0.462,
1476,1477,124,133,124,74,,110,44,0.467,
1477,1478,124,134,124,74,,110,44,0.467,
1478,1479,124,135,124,74,,110,44,0.467,
1479,1480,124,136,124,74,,110,44,0.467,
1480,1481,124,137,124,74,,110,44,0.467,
1481,1482,124,138,124,74,,110,44,0.467,
1482,1483,124,139,124,74,,110,44,0.467,
1483,1484,124,140,124,74,,110,44,0.467,
1484,1485,124,141,124,74,,110,44,0.467,
1485,1486,124,142,124,74,,110,44,0.467,
1486,1487,124,143,124,74,,110,44,0.467,
1487,1488,124,144,124,74,,110,44,0.467,
1488,1489,125,145,125,,,111,45,0.474,
1489,1490,125,146,125,,,111,45,0.474,
1490,1491,125,147,125,,,111,45,0.474,
1491,1492,125,148,125,,,111,45,0.474,
1492,1493,125,149,125,,,111,45,0.474,
1493,1494,125,150,125,,,111,45,0.474,
1494,1495,125,151,125,,,111,45,0.474,
1495,1496,125,152,125,,,111,45,0.474,
1496,1497,125,153,125,,,111,45,0.474,
1497,1498,125,154,125,,,111,45,0.474,
1498,1499,125,155,125,,,111,45,0.474,
1499,1500,125,156,125,,,111,45,0.474,
1500,1501,126,157,126,79,,112,46,0.478,
1501,1502,126,158,126,79,,112,46,0.478,
1502,1503,126,159,126,79,,112,46,0.478,
1503,1504,126,160,126,79,,112,46,0.478,
1504,1505,126,161,126,79,,112,46,0.478,
1505,1506,126,162,126,79,,112,46,0.478,
1506,1507,126,163,126,79,,112,46,0.478,
1507,1508,126,164,126,79,,112,46,0.478,
1508,1509,126,165,126,79,,112,46,0.478,
1509,1510,126,166,126,79,,112,46,0.478,
1510,1511,126,167,126,79,,112,46,0.478,
1511,1512,126,168,126,79,,112,46,0.478,
1512,1513,127,169,127,78,,,47,0.485,
1513,1514,127,170,127,78,,,47,0.485,
1514,1515,127,171,127,78,,,47,0.485,
1515,1516,127,172,127,78,,,47,0.485,
1516,1517,127,173,127,78,,,47,0.485,
1517,1518,127,174,127,78,,,47,0.485,
1518,1519,127,175,127,78,,,47,0.485,
1519,1520,127,176,127,78,,,47,0.485,
1520,1521,127,177,127,78,,,47,0.485,
1521,1522,127,178,127,78,,,47,0.485,
1522,1523,127,179,127,78,,,47,0.485,
1523,1524,127,180,127,78,,,47,0.485,
1524,1525,128,181,128,73,,,48,0.485,
1525,1526,128,182,128,73,,,48,0.485,
1526,1527,128,183,128,73,,,48,0.485,
1527,1528,128,184,128,73,,,48,0.485,
1528,1529,128,185,128,73,,,48,0.485,
1529,1530,128,186,128,73,,,48,0.485,
1530,1531,128,187,128,73,,,48,0.485,
1531,1532,128,188,128,73,,,48,0.485,
1532,1533,128,189,128,73,,,48,0.485,
1533,1534,128,190,128,73,,,48,0.485,
1534,1535,128,191,128,73,,,48,0.485,
1535,1536,128,192,128,73,,,48,0.485,
1536,1537,129,1,129,51,71,113,113,0.486,
1537,1538,129,2,129,51,71,113,113,0.486,
1538,1539,129,3,129,51,71,113,113,0.486,
1539,1540,129,4,129,51,71,113,113,0.486,
1540,1541,129,5,129,51,71,113,113,0.486,
1541,1542,129,6,129,51,71,113,113,0.486,
1542,1543,129,7,129,51,71,113,113,0.486,
1543,1544,129,8,129,51,71,113,113,0.486,
1544,1545,129,9,129,51,71,113,113,0.486,
1545,1546,129,10,129,51,71,113,113,0.486,
1546,1547,129,11,129,51,71,113,113,0.486,
1547,1548,129,12,129,51,71,113,113,0.486,
1548,1549,130,13,130,,72,114,114,0.492,
1549,1550,130,14,130,,72,114,114,0.492,
1550,1551,130,15,130,,72,114,114,0.492,
1551,1552,130,16,130,,72,114,114,0.492,
1552,1553,130,17,130,,72,114,114,0.492,
1553,1554,130,18,130,,72,114,114,0.492,
1554,1555,130,19,130,,72,114,114,0.492,
1555,1556,130,20,130,,72,114,114,0.492,
1556,1557,130,21,130,,72,114,114,0.492,
1557,1558,130,22,130,,72,114,114,0.492,
1558,1559,130,23,130,,72,114,114,0.492,
1559,1560,130,24,130,,72,114,114,0.492,
1560,1561,131,25,131,60,73,115,115,0.496,
1561,1562,131,26,131,60,73,115,115,0.496,
1562,1563,131,27,131,60,73,115,115,0.496,
1563,1564,131,28,131,60,73,115,115,0.496,
1564,1565,131,29,131,60,73,115,115,0.496,
1565,1566,131,30,131,60,73,115,115,0.496,
1566,1567,131,31,131,60,73,115,115,0.496,
1567,1568,131,32,131,60,73,115,115,0.496,
1568,1569,131,33,131,60,73,115,115,0.496,
1569,1570,131,34,131,60,73,115,115,0.496,
1570,1571,131,35,131,60,73,115,115,0.496,
1571,1572,131,36,131,60,73,115,115,0.496,
1572,1573,132,37,132,,74,116,116,0.503,
1573,1574,132,38,132,,74,116,116,0.503,
1574,1575,132,39,132,,74,116,116,0.503,
1575,1576,132,40,132,,74,116,116,0.503,
1576,1577,132,41,132,,74,116,116,0.503,
1577,1578,132,42,132,,74,116,116,0.503,
1578,1579,132,43,132,,74,116,116,0.503,
1579,1580,132,44,132,,74,116,116,0.503,
1580,1581,132,45,132,,74,116,116,0.503,
1581,1582,132,46,132,,74,116,116,0.503,
1582,1583,132,47,132,,74,116,116,0.503,
1583,1584,132,48,132,,74,116,116,0.503,
1584,1585,133,49,133,54,75,117,117,0.508,
1585,1586,133,50,133,54,75,117,117,0.508,
1586,1587,133,51,133,54,75,117,117,0.508,
1587,1588,133,52,133,54,75,117,117,0.508,
1588,1589,133,53,133,54,75,117,117,0.508,
1589,1590,133,54,133,54,75,117,117,0.508,
1590,1591,133,55,133,54,75,117,117,0.508,
1591,1592,133,56,133,54,75,117,117,0.508,
1592,1593,133,57,133,54,75,117,117,0.508,
1593,1594,133,58,133,54,75,117,117,0.508,
1594,1595,133,59,133,54,75,117,117,0.508,
1595,1596,133,60,133,54,75,117,117,0.508,
1596,1597,134,61,134,56,76,118,118,0.512,
1597,1598,134,62,134,56,76,118,118,0.512,
1598,1599,134,63,134,56,76,118,118,0.512,
1599,1600,134,64,134,56,76,118,118,0.512,
1600,1601,134,65,134,56,76,118,118,0.512,
1601,1602,134,66,134,56,76,118,118,0.512,
1602,1603,134,67,134,56,76,118,118,0.512,
1603,1604,134,68,134,56,76,118,118,0.512,
1604,1605,134,69,134,56,76,118,118,0.512,
1605,1606,134,70,134,56,76,118,118,0.512,
1606,1607,134,71,134,56,76,118,118,0.512,
1607,1608,134,72,134,56,76,118,118,0.512,
1608,1609,135,73,135,55,77,119,119,0.516,
1609,1610,135,74,135,55,77,119,119,0.516,
1610,1611,135,75,135,55,77,119,119,0.516,
1611,1612,135,76,135,55,77,119,119,0.516,
1612,1613,135,77,135,55,77,119,119,0.516,
1613,1614,135,78,135,55,77,119,119,0.516,
1614,1615,135,79,135,55,77,119,119,0.516,
1615,1616,135,80,135,55,77,119,119,0.516,
1616,1617,135,81,135,55,77,119,119,0.516,
1617,1618,135,82,135,55,77,119,119,0.516,
1618,1619,135,83,135,55,77,119,119,0.516,
1619,1620,135,84,135,55,77,119,119,0.516,
1620,1621,136,85,136,,78,120,120,0.519,-3.05
1621,1622,136,86,136,,78,120,120,0.519,-3.05
1622,1623,136,87,136,,78,120,120,0.519,-3.05
1623,1624,136,88,136,,78,120,120,0.519,-3.05
1624,1625,136,89,136,,78,120,120,0.519,-3.05
1625,1626,136,90,136,,78,120,120,0.519,-3.05
1626,1627,136,91,136,,78,120,120,0.519,-3.05
1627,1628,136,92,136,,78,120,120,0.519,-3.05
1628,1629,136,93,136,,78,120,120,0.519,-3.05
1629,1630,136,94,136,,78,120,120,0.519,-3.05
1630,1631,136,95,136,,78,120,120,0.519,-3.05
1631,1632,136,96,136,,78,120,120,0.519,-3.05
1632,1633,137,97,137,53,79,121,121,0.523,7.67
1633,1634,137,98,137,53,79,121,121,0.523,7.67
1634,1635,137,99,137,53,79,121,121,0.523,7.67
1635,1636,137,100,137,53,79,121,121,0.523,7.67
1636,1637,137,101,137,53,79,121,121,0.523,7.67
1637,1638,137,102,137,53,79,121,121,0.523,7.67
1638,1639,137,103,137,53,79,121,121,0.523,7.67
1639,1640,137,104,137,53,79,121,121,0.523,7.67
1640,1641,137,105,137,53,79,121,121,0.523,7.67
1641,1642,137,106,137,53,79,121,121,0.523,7.67
1642,1643,137,107,137,53,79,121,121,0.523,7.67
1643,1644,137,108,137,53,79,121,121,0.523,7.67
1644,1645,138,109,138,58,80,122,122,0.53,22.32
1645,1646,138,110,138,58,80,122,122,0.53,22.32
1646,1647,138,111,138,58,80,122,122,0.53,22.32
1647,1648,138,112,138,58,80,122,122,0.53,22.32
1648,1649,138,113,138,58,80,122,122,0.53,22.32
1649,1650,138,114,138,58,80,122,122,0.53,22.32
1650,1651,138,115,138,58,80,122,122,0.53,22.32
1651,1652,138,116,138,58,80,122,122,0.53,22.32
1652,1653,138,117,138,58,80,122,122,0.53,22.32
1653,1654,138,118,138,58,80,122,122,0.53,22.32
1654,1655,138,119,138,58,80,122,122,0.53,22.32
1655,1656,138,120,138,58,80,122,122,0.53,22.32
1656,1657,139,121,139,52,,123,123,0.536,21.82
1657,1658,139,122,139,52,,123,123,0.536,21.82
1658,1659,139,123,139,52,,123,123,0.536,21.82
1659,1660,139,124,139,52,,123,123,0.536,21.82
1660,1661,139,125,139,52,,123,123,0.536,21.82
1661,1662,139,126,139,52,,123,123,0.536,21.82
1662,1663,139,127,139,52,,123,123,0.536,21.82
1663,1664,139,128,139,52,,123,123,0.536,21.82
1664,1665,139,129,139,52,,123,123,0.536,21.82
1665,1666,139,130,139,52,,123,123,0.536,21.82
1666,1667,139,131,139,52,,123,123,0.536,21.82
1667,1668,139,132,139,52,,123,123,0.536,21.82
1668,1669,140,133,140,,,124,124,0.542,93.99
1669,1670,140,134,140,,,124,124,0.542,93.99
1670,1671,140,135,140,,,124,124,0.542,93.99
1671,1672,140,136,140,,,124,124,0.542,93.99
1672,1673,140,137,140,,,124,124,0.542,93.99
1673,1674,140,138,140,,,124,124,0.542,93.99
1674,1675,140,139,140,,,124,124,0.542,93.99
1675,1676,140,140,140,,,124,124,0.542,93.99
1676,1677,140,141,140,,,124,124,0.542,93.99
1677,1678,140,142,140,,,124,124,0.542,93.99
1678,1679,140,143,140,,,124,124,0.542,93.99
1679,1680,140,144,140,,,124,124,0.542,93.99
1680,1681,141,145,141,,,125,125,0.55,93.41
1681,1682,141,146,141,,,125,125,0.55,93.41
1682,1683,141,147,141,,,125,125,0.55,93.41
1683,1684,141,148,141,,,125,125,0.55,93.41
1684,1685,141,149,141,,,125,125,0.55,93.41
1685,1686,141,150,141,,,125,125,0.55,93.41
1686,1687,141,151,141,,,125,125,0.55,93.41
1687,1688,141,152,141,,,125,125,0.55,93.41
1688,1689,141,153,141,,,125,125,0.55,93.41
1689,1690,141,154,141,,,125,125,0.55,93.41
1690,1691,141,155,141,,,125,125,0.55,93.41
1691,1692,141,156,141,,,125,125,0.55,93.41
1692,1693,142,157,142,59,,126,126,0.552,100.35
1693,1694,142,158,142,59,,126,126,0.552,100.35
1694,1695,142,159,142,59,,126,126,0.552,100.35
1695,1696,142,160,142,59,,126,126,0.552,100.35
1696,1697,142,161,142,59,,126,126,0.552,100.35
1697,1698,142,162,142,59,,126,126,0.552,100.35
1698,1699,142,163,142,59,,126,126,0.552,100.35
1699,1700,142,164,142,59,,126,126,0.552,100.35
1700,1701,142,165,142,59,,126,126,0.552,100.35
1701,1702,142,166,142,59,,126,126,0.552,100.35
1702,1703,142,167,142,59,,126,126,0.552,100.35
1703,1704,142,168,142,59,,126,126,0.552,100.35
1704,1705,143,169,143,,,,127,0.557,123.48
1705,1706,143,170,143,,,,127,0.557,123.48
1706,1707,143,171,143,,,,127,0.557,123.48
1707,1708,143,172,143,,,,127,0.557,123.48
1708,1709,143,173,143,,,,127,0.557,123.48
1709,1710,143,174,143,,,,127,0.557,123.48
1710,1711,143,175,143,,,,127,0.557,123.48
1711,1712,143,176,143,,,,127,0.557,123.48
1712,1713,143,177,143,,,,127,0.557,123.48
1713,1714,143,178,143,,,,127,0.557,123.48
1714,1715,143,179,143,,,,127,0.557,123.48
1715,1716,143,180,143,,,,127,0.557,123.48
1716,1717,144,181,144,57,,,128,0.557,105.44
1717,1718,144,182,144,57,,,128,0.557,105.44
1718,1719,144,183,144,57,,,128,0.557,105.44
1719,1720,144,184,144,57,,,128,0.557,105.44
1720,1721,144,185,144,57,,,128,0.557,105.44
1721,1722,144,186,144,57,,,128,0.557,105.44
1722,1723,144,187,144,57,,,128,0.557,105.44
1723,1724,144,188,144,57,,,128,0.557,105.44
1724,1725,144,189,144,57,,,128,0.557,105.44
1725,1726,144,190,144,57,,,128,0.557,105.44
1726,1727,144,191,144,57,,,128,0.557,105.44
1727,1728,144,192,144,57,,,128,0.557,105.44
